Workbook

Sheet DESCRIPTION
A1: Tab Name | B1: Purpose | C1: Source Data
A2: 1. HR_Master_Roster | B2: HR Source of Truth (Employee Status & Departure Dates) | C2: HRIS / Payroll Export
A3: 2. System_Access_Dump | B3: Raw System Entitlement Export (Active Directory / ERP) | C3: IAM / Production System Export
A4: 3. UAR_Reconciliation | B4: Active Audit Reconciliation (Formulas + Risk Flags) | C4: Combined via Formulas
A5: 4. Audit_Summary_SignOff | B5: Executive Memo & Exception Dashboard for External Auditors | C5: Aggregated Pivot / Formulas
A8: *Please access the associated Readme file from Github

Sheet HR_Master_Roster
A1: Emp_ID | B1: Full_Name | C1: Department | D1: HR_Status | E1: Termination_Date
A2: EMP-101 | B2: Sarah Jenkins | C2: Finance | D2: Active | E2: [Blank]
A3: EMP-102 | B3: Marcus Vance | C3: Engineering | D3: Active | E3: [Blank]
A4: EMP-103 | B4: David Miller | C4: Sales | D4: Terminated | E4: 46249
A5: EMP-104 | B5: Elena Rostova | C5: Accounting | D5: Active | E5: [Blank]
A6: EMP-105 | B6: James Chen | C6: Operations | D6: Terminated | E6: 46204

Sheet System_Access_Dump
A1: System_ID | B1: User_Account | C1: Emp_ID | D1: Assigned_Role | E1: Last_Login_Date
A2: SYS-001 | B2: sjenkins | C2: EMP-101 | D2: Finance_User | E2: 46293
A3: SYS-002 | B3: mvance | C3: EMP-102 | D3: Dev_Admin | E3: 46294
A4: SYS-003 | B4: dmiller | C4: EMP-103 | D4: Financial_Controller | E4: 46285
A5: SYS-004 | B5: erostova | C5: EMP-104 | D5: ERP_Admin | E5: 46290
A6: SYS-005 | B6: jchen | C6: EMP-105 | D6: Ops_Read | E6: 46213
A7: SYS-006 | B7: vendor_temp | C7: EMP-999 | D7: Database_Admin | E7: 46280

Sheet UAR_Reconciliation
A1: System User | B1: Emp ID | C1: System Role | D1: HR Name | E1: HR Status | F1: HR Term Date | G1: Automated Risk Flag (Formula) | H1: Automated Risk Flag (using IFS) | I1: Audit Decision (Dropdown) | J1: Remediation Ticket Ref | K1: Sign-Off Date
A2: =System_Access_Dump!B2 -> sjenkins | B2: =System_Access_Dump!C2 -> EMP-101 | C2: =System_Access_Dump!D2 -> Finance_User | D2: =_xlfn.XLOOKUP(B2, HR_Table[Emp_ID], HR_Table[Full_Name], "UNKNOWN/NO HR RECORD",0) -> Sarah Jenkins | E2: =_xlfn.XLOOKUP(B2,HR_Table[Emp_ID],HR_Table[HR_Status],"UNMAPPED", 0) -> Active | F2: =_xlfn.XLOOKUP(B2,HR_Table[Emp_ID],HR_Table[Termination_Date],"N/A", 0) -> [Blank] | G2: =IF(E2="Terminated","CRITICAL: Terminated User Active", IF(E2="UNMAPPED", "HIGH: Orphan/Service Account", IF(AND(C2="ERP_Admin", E2="Active"), "REVIEW: Privileged Access", "PASS: Valid Access"))) -> PASS: Valid Access | H2: {=_xlfn.IFS(E2="Terminated","CRITICAL: TERMINATED USER ACTIVE",E2="UNMAPPED","HIGH: Orphan/Service Account", AND(C2="ERP_Admin",E2="Active"),"REVIEW: Privileged Access", TRUE, "PASS: Valid Access")} -> PASS: Valid Access | I2: Retain | K2: 46295
A3: =System_Access_Dump!B3 -> mvance | B3: =System_Access_Dump!C3 -> EMP-102 | C3: =System_Access_Dump!D3 -> Dev_Admin | D3: =_xlfn.XLOOKUP(B3, HR_Table[Emp_ID], HR_Table[Full_Name], "UNKNOWN/NO HR RECORD",0) -> Marcus Vance | E3: =_xlfn.XLOOKUP(B3,HR_Table[Emp_ID],HR_Table[HR_Status],"UNMAPPED", 0) -> Active | F3: =_xlfn.XLOOKUP(B3,HR_Table[Emp_ID],HR_Table[Termination_Date],"N/A", 0) -> [Blank] | G3: =IF(E3="Terminated","CRITICAL: Terminated User Active", IF(E3="UNMAPPED", "HIGH: Orphan/Service Account", IF(AND(C3="ERP_Admin", E3="Active"), "REVIEW: Privileged Access", "PASS: Valid Access"))) -> PASS: Valid Access | H3: {=_xlfn.IFS(E3="Terminated","CRITICAL: TERMINATED USER ACTIVE",E3="UNMAPPED","HIGH: Orphan/Service Account", AND(C3="ERP_Admin",E3="Active"),"REVIEW: Privileged Access", TRUE, "PASS: Valid Access")} -> PASS: Valid Access | I3: Retain | K3: 46295
A4: =System_Access_Dump!B4 -> dmiller | B4: =System_Access_Dump!C4 -> EMP-103 | C4: =System_Access_Dump!D4 -> Financial_Controller | D4: =_xlfn.XLOOKUP(B4, HR_Table[Emp_ID], HR_Table[Full_Name], "UNKNOWN/NO HR RECORD",0) -> David Miller | E4: =_xlfn.XLOOKUP(B4,HR_Table[Emp_ID],HR_Table[HR_Status],"UNMAPPED", 0) -> Terminated | F4: =_xlfn.XLOOKUP(B4,HR_Table[Emp_ID],HR_Table[Termination_Date],"N/A", 0) -> 46249 | G4: =IF(E4="Terminated","CRITICAL: Terminated User Active", IF(E4="UNMAPPED", "HIGH: Orphan/Service Account", IF(AND(C4="ERP_Admin", E4="Active"), "REVIEW: Privileged Access", "PASS: Valid Access"))) -> CRITICAL: Terminated User Active | H4: {=_xlfn.IFS(E4="Terminated","CRITICAL: TERMINATED USER ACTIVE",E4="UNMAPPED","HIGH: Orphan/Service Account", AND(C4="ERP_Admin",E4="Active"),"REVIEW: Privileged Access", TRUE, "PASS: Valid Access")} -> CRITICAL: TERMINATED USER ACTIVE | I4: Revoke Access | J4: IT-8821 | K4: 46295
A5: =System_Access_Dump!B5 -> erostova | B5: =System_Access_Dump!C5 -> EMP-104 | C5: =System_Access_Dump!D5 -> ERP_Admin | D5: =_xlfn.XLOOKUP(B5, HR_Table[Emp_ID], HR_Table[Full_Name], "UNKNOWN/NO HR RECORD",0) -> Elena Rostova | E5: =_xlfn.XLOOKUP(B5,HR_Table[Emp_ID],HR_Table[HR_Status],"UNMAPPED", 0) -> Active | F5: =_xlfn.XLOOKUP(B5,HR_Table[Emp_ID],HR_Table[Termination_Date],"N/A", 0) -> [Blank] | G5: =IF(E5="Terminated","CRITICAL: Terminated User Active", IF(E5="UNMAPPED", "HIGH: Orphan/Service Account", IF(AND(C5="ERP_Admin", E5="Active"), "REVIEW: Privileged Access", "PASS: Valid Access"))) -> REVIEW: Privileged Access | H5: {=_xlfn.IFS(E5="Terminated","CRITICAL: TERMINATED USER ACTIVE",E5="UNMAPPED","HIGH: Orphan/Service Account", AND(C5="ERP_Admin",E5="Active"),"REVIEW: Privileged Access", TRUE, "PASS: Valid Access")} -> REVIEW: Privileged Access | I5: Retain | K5: 46295
A6: =System_Access_Dump!B6 -> jchen | B6: =System_Access_Dump!C6 -> EMP-105 | C6: =System_Access_Dump!D6 -> Ops_Read | D6: =_xlfn.XLOOKUP(B6, HR_Table[Emp_ID], HR_Table[Full_Name], "UNKNOWN/NO HR RECORD",0) -> James Chen | E6: =_xlfn.XLOOKUP(B6,HR_Table[Emp_ID],HR_Table[HR_Status],"UNMAPPED", 0) -> Terminated | F6: =_xlfn.XLOOKUP(B6,HR_Table[Emp_ID],HR_Table[Termination_Date],"N/A", 0) -> 46204 | G6: =IF(E6="Terminated","CRITICAL: Terminated User Active", IF(E6="UNMAPPED", "HIGH: Orphan/Service Account", IF(AND(C6="ERP_Admin", E6="Active"), "REVIEW: Privileged Access", "PASS: Valid Access"))) -> CRITICAL: Terminated User Active | H6: {=_xlfn.IFS(E6="Terminated","CRITICAL: TERMINATED USER ACTIVE",E6="UNMAPPED","HIGH: Orphan/Service Account", AND(C6="ERP_Admin",E6="Active"),"REVIEW: Privileged Access", TRUE, "PASS: Valid Access")} -> CRITICAL: TERMINATED USER ACTIVE | I6: Revoke Access | J6: IT-8822 | K6: 46295
A7: =System_Access_Dump!B7 -> vendor_temp | B7: =System_Access_Dump!C7 -> EMP-999 | C7: =System_Access_Dump!D7 -> Database_Admin | D7: =_xlfn.XLOOKUP(B7, HR_Table[Emp_ID], HR_Table[Full_Name], "UNKNOWN/NO HR RECORD",0) -> UNKNOWN/NO HR RECORD | E7: =_xlfn.XLOOKUP(B7,HR_Table[Emp_ID],HR_Table[HR_Status],"UNMAPPED", 0) -> UNMAPPED | F7: =_xlfn.XLOOKUP(B7,HR_Table[Emp_ID],HR_Table[Termination_Date],"N/A", 0) -> N/A | G7: =IF(E7="Terminated","CRITICAL: Terminated User Active", IF(E7="UNMAPPED", "HIGH: Orphan/Service Account", IF(AND(C7="ERP_Admin", E7="Active"), "REVIEW: Privileged Access", "PASS: Valid Access"))) -> HIGH: Orphan/Service Account | H7: {=_xlfn.IFS(E7="Terminated","CRITICAL: TERMINATED USER ACTIVE",E7="UNMAPPED","HIGH: Orphan/Service Account", AND(C7="ERP_Admin",E7="Active"),"REVIEW: Privileged Access", TRUE, "PASS: Valid Access")} -> HIGH: Orphan/Service Account | I7: Revoke Access | J7: IT-8823 | K7: 46295

Sheet Audit_Summary_SignOff
A1: =================================================================================
A2: SOX 404 ITGC USER ACCESS REVIEW SUMMARY
A3: =================================================================================
A5: Target System: ERP Production Database (NetSuite / SAP)
A6: Audit Period: Q3 2026 (July 1, 2026 – September 30, 2026)
A7: Control Owner: Andrew Maranan, Lead Access Governance Analyst
A8: Review Date: September 30, 2026
A10: ---------------------------------------------------------------------------------------------------------------------------------------
A11: TESTING METRICS SUMMARY*
A12: ---------------------------------------------------------------------------------------------------------------------------------------
A13: Total Accounts Audited: | D13: =COUNTA(Access_Table[System_ID]) -> 6
A14: Valid Active Accounts: | D14: =COUNTIF(UAR_Reconciliation!$G$2:$G$7,"PASS*" ) -> 2
A15: Privileged Access Accounts: | D15: =COUNTIF(UAR_Reconciliation!$G$2:$G$7,"REVIEW*" ) -> 1
A16: Terminated Users Flagged: | D16: =COUNTIF(UAR_Reconciliation!$G$2:$G$7,"CRITICAL*" ) -> 2
A17: Orphan Accounts Identified: | D17: =COUNTIF(UAR_Reconciliation!$G$2:$G$7,"HIGH*" ) -> 1
A19: Total Revocation Tickets Raised: | D19: =COUNTIF(UAR_Reconciliation!I2:I7,"Revoke Access") -> 3
A21: ---------------------------------------------------------------------------------------------------------------------------------------
A22: AUDIT FINDINGS AND REMEDIATION MEMO
A23: ---------------------------------------------------------------------------------------------------------------------------------------
A24: Control Objective:
A25: Ensure user access to financial systems is revoked within 24 hours of employee departure and aligned
A26: with least-privilege principles.
A28: Findings:
A29: 1. Two terminated employees (EMP-103, EMP-105) retained active system access post-departure.
A30: Helpdesk tickets IT-8821 and IT-8822 were issued to immediately disable credentials.
A32: 2. One orphan account (EMP-999 / vendor_temp) lacked a valid HR mapping.
A33: Account was disabled pending vendor contract re-validation (Ticket IT-8823).
A35: Management Conclusion:
... A40: ---------------------------------------------------------------------------------------------------------------------------------------
A41: Reviewer Name: | C41: Andrew Maranan
A42: Reviewer Title: | C42: IT Compliance & Governance Specialist
A43: Digital Sign-off: | C43: APPROVED - Andrew Maranan
A44: Date: | C44: 46295
